"fecha","ipc","inflacion","cdt90","n_obs"
2008-04-01,67.51,5.7321848081441,9.72090909090909,22
2008-05-01,68.14,6.38563622170181,9.37684210526316,19
2008-06-01,68.73,7.18964441671865,9.54684210526316,19
2008-07-01,69.06,7.51985053713218,9.50695652173913,23
2008-08-01,69.19,7.87340193327097,9.75684210526316,19
2008-09-01,69.06,7.57009345794393,9.74727272727273,22
2008-10-01,69.3,7.94392523364484,9.795,22
2008-11-01,69.49,7.71973337467058,9.985,18
2008-12-01,69.8,7.68281394631287,9.9615,20
2009-01-01,70.21,7.17447717905662,9.569,20
2009-02-01,70.8,6.46616541353382,8.9145,20
2009-03-01,71.15,6.13066825775657,8.06428571428571,21
2009-04-01,71.38,5.7324840764331,7.111,20
2009-05-01,71.39,4.76959201643674,6.1178947368421,19
2009-06-01,71.35,3.81201804161209,5.49631578947368,19
2009-07-01,71.32,3.27251665218649,5.10318181818182,22
2009-08-01,71.35,3.12183841595606,5.04684210526316,19
2009-09-01,71.28,3.21459600347525,4.90090909090909,22
2009-10-01,71.19,2.72727272727273,4.36238095238095,21
2009-11-01,71.14,2.37444236580804,4.38789473684211,19
2009-12-01,71.2,2.00573065902581,4.1065,20
2010-01-01,71.69,2.10796182879933,4.03368421052632,19
2010-02-01,72.28,2.090395480226,3.981,20
2010-03-01,72.46,1.84118060435698,3.91454545454545,22
2010-04-01,72.79,1.97534323339872,3.9115,20
2010-05-01,72.87,2.07311948452165,3.633,20
2010-06-01,72.95,2.24246671338473,3.514,20
2010-07-01,72.92,2.24340998317443,3.4925,20
2010-08-01,73,2.312543798178,3.48428571428571,21
2010-09-01,72.9,2.27272727272727,3.45818181818182,22
2010-10-01,72.84,2.31774125579436,3.4325,20
2010-11-01,72.98,2.58644925499016,3.4265,20
2010-12-01,73.45,3.16011235955056,3.44681818181818,22
2011-01-01,74.12,3.38959408564654,3.4495,20
2011-02-01,74.57,3.16823464305478,3.454,20
2011-03-01,74.77,3.18796577422027,3.56636363636364,22
2011-04-01,74.86,2.84379722489352,3.72157894736842,19
2011-05-01,75.07,3.01907506518455,3.86727272727273,22
2011-06-01,75.31,3.23509252912955,4.07,20
2011-07-01,75.42,3.42841470104225,4.20578947368421,19
2011-08-01,75.39,3.27397260273972,4.46227272727273,22
2011-09-01,75.62,3.73113854595335,4.57545454545455,22
2011-10-01,75.77,4.02251510159253,4.678,20
2011-11-01,75.87,3.95998903809263,4.914,20
2011-12-01,76.19,3.73042886317221,5.06714285714286,21
2012-01-01,76.75,3.54830005396654,5.09619047619048,21
2012-02-01,77.22,3.55370792543919,5.24761904761905,21
2012-03-01,77.31,3.39708439213589,5.31952380952381,21
2012-04-01,77.42,3.41971680470212,5.43947368421053,19
2012-05-01,77.66,3.45011322765418,5.42428571428571,21
2012-06-01,77.72,3.20010622759261,5.42105263157895,19
2012-07-01,77.7,3.02307080350039,5.4085,20
2012-08-01,77.73,3.10385992837248,5.39952380952381,21
2012-09-01,77.96,3.0944194657498,5.3135,20
2012-10-01,78.08,3.04870001319784,5.27090909090909,22
2012-11-01,77.98,2.78107288783445,5.2735,20
2012-12-01,78.05,2.44126525790787,5.1735,20
2013-01-01,78.28,1.99348534201955,5.08952380952381,21
2013-02-01,78.63,1.82595182595182,4.8175,20
2013-03-01,78.79,1.91437071530203,4.57666666666667,18
2013-04-01,78.99,2.02789976750193,4.20363636363636,22
2013-05-01,79.21,1.99587947463302,3.97047619047619,21
2013-06-01,79.39,2.14873906330417,3.93611111111111,18
2013-07-01,79.43,2.22651222651222,3.96227272727273,22
2013-08-01,79.5,2.27711308375145,4.0565,20
2013-09-01,79.73,2.27039507439715,4.0652380952381,21
2013-10-01,79.52,1.84426229508197,3.99954545454545,22
2013-11-01,79.35,1.75686073352139,4.00368421052632,19
2013-12-01,79.56,1.93465727098014,4.03142857142857,21
2014-01-01,79.95,2.13336739908023,4.01285714285714,21
2014-02-01,80.45,2.31463817881217,3.9525,20
2014-03-01,80.77,2.51300926513516,3.8715,20
2014-04-01,81.14,2.72186352702875,3.804,20
2014-05-01,81.53,2.92892311576822,3.74952380952381,21
2014-06-01,81.61,2.79632195490616,3.89666666666667,18
2014-07-01,81.73,2.89563137353643,4.03739130434783,23
2014-08-01,81.9,3.0188679245283,4.01263157894737,19
2014-09-01,82.01,2.85965132321586,4.22545454545455,22
2014-10-01,82.14,3.29476861167002,4.30227272727273,22
2014-11-01,82.25,3.65469439193447,4.34388888888889,18
2014-12-01,82.47,3.657616892911,4.31,21
2015-01-01,83,3.81488430268917,4.441,20
2015-02-01,83.96,4.36295835922933,4.424,20
2015-03-01,84.45,4.55614708431349,4.34380952380952,21
2015-04-01,84.9,4.63396598471777,4.458,20
2015-05-01,85.12,4.40328713357048,4.34684210526316,19
2015-06-01,85.21,4.41122411469181,4.37894736842105,19
2015-07-01,85.37,4.45368897589624,4.46045454545455,22
2015-08-01,85.78,4.73748473748472,4.42368421052632,19
2015-09-01,86.39,5.34081209608583,4.39545454545455,22
2015-10-01,86.98,5.89237886535183,4.59571428571429,21
2015-11-01,87.51,6.39513677811552,4.90157894736842,19
2015-12-01,88.05,6.76609676245907,5.16095238095238,21
2016-01-01,89.19,7.4578313253012,5.61473684210526,19
2016-02-01,90.33,7.58694616484041,6.18238095238095,21
2016-03-01,91.18,7.9692125518058,6.314,20
2016-04-01,91.63,7.92697290930504,6.53,21
2016-05-01,92.1,8.20018796992481,6.723,20
2016-06-01,92.54,8.60227672808358,6.86761904761905,21
2016-07-01,93.02,8.96099332318143,7.09473684210526,19
2016-08-01,92.73,8.10212170669153,7.16227272727273,22
2016-09-01,92.68,7.28093529343674,7.145,22
2016-10-01,92.62,6.48424925270177,7.014,20
2016-11-01,92.73,5.96503256770655,6.969,20
2016-12-01,93.11,5.74673480976717,6.85,21
2017-01-01,94.07,5.4714654109205,6.89952380952381,21
2017-02-01,95.01,5.18100298904018,6.773,20
2017-03-01,95.46,4.69401184470277,6.59818181818182,22
2017-04-01,95.91,4.67095929280803,6.46777777777778,18
2017-05-01,96.12,4.36482084690555,6.04809523809524,21
2017-06-01,96.23,3.98746488005186,5.939,20
2017-07-01,96.18,3.39711889916148,5.59578947368421,19
2017-08-01,96.32,3.87145476113446,5.54095238095238,21
2017-09-01,96.36,3.97065170479067,5.49857142857143,21
2017-10-01,96.37,4.04880155473979,5.40761904761905,21
2017-11-01,96.55,4.11948668176425,5.3225,20
2017-12-01,96.92,4.09193427129202,5.25894736842105,19
2018-01-01,97.53,3.67811204422239,5.17190476190476,21
2018-02-01,98.22,3.3785917271866,5.0425,20
2018-03-01,98.45,3.13220196941129,4.97736842105263,19
2018-04-01,98.91,3.12793243665936,4.88761904761905,21
2018-05-01,99.16,3.16271327507283,4.69095238095238,21
2018-06-01,99.31,3.20066507326198,4.59368421052632,19
2018-07-01,99.18,3.11915159076732,4.5535,20
2018-08-01,99.3,3.09385382059801,4.5147619047619,21
2018-09-01,99.47,3.2274802822748,4.5125,20
2018-10-01,99.59,3.34128878281623,4.41863636363636,22
2018-11-01,99.7,3.26255825996893,4.396,20
2018-12-01,100,3.17787866281469,4.5095,20
2019-01-01,100.6,3.14774941043781,4.55714285714286,21
2019-02-01,101.18,3.01364284259826,4.545,20
2019-03-01,101.62,3.21990858303707,4.5165,20
2019-04-01,102.12,3.24537458295422,4.527,20
2019-05-01,102.44,3.30778539733765,4.46727272727273,22
2019-06-01,102.71,3.42362299869097,4.46388888888889,18
2019-07-01,102.94,3.79108691268399,4.43818181818182,22
2019-08-01,103.03,3.75629405840887,4.4095,20
2019-09-01,103.26,3.81019402835026,4.46428571428571,21
2019-10-01,103.43,3.8558088161462,4.38909090909091,22
2019-11-01,103.54,3.85155466399199,4.40052631578947,19
2019-12-01,103.8,3.8,4.47714285714286,21
2020-01-01,104.24,3.61829025844931,4.53,21
2020-02-01,104.94,3.71614943664755,4.4435,20
2020-03-01,105.53,3.84766778193268,4.49095238095238,21
2020-04-01,105.7,3.5056795926361,4.546,20
2020-05-01,105.36,2.85044904334244,4.27736842105263,19
2020-06-01,104.97,2.2003699737124,3.78526315789474,19
2020-07-01,104.97,1.97202253740043,3.34227272727273,22
2020-08-01,104.96,1.87324080364941,2.79789473684211,19
2020-09-01,105.29,1.96591129188457,2.39363636363636,22
2020-10-01,105.23,1.74030745431693,2.03380952380952,21
2020-11-01,105.08,1.48734788487541,1.96684210526316,19
2020-12-01,105.48,1.6184971098266,1.93714285714286,21
2021-01-01,105.91,1.6020721412126,1.92,19
2021-02-01,106.58,1.56279778921289,1.808,20
2021-03-01,107.12,1.50668056476833,1.74863636363636,22
2021-04-01,107.76,1.94891201513718,1.76,20
2021-05-01,108.84,3.30296127562644,1.806,20
2021-06-01,108.78,3.62960845955989,1.904,20
2021-07-01,109.14,3.97256358959703,1.887,20
2021-08-01,109.62,4.43978658536586,1.97809523809524,21
2021-09-01,110.04,4.51134960585051,2.05863636363636,22
2021-10-01,110.06,4.58994583293737,2.1915,20
2021-11-01,110.6,5.25314046440806,2.646,20
2021-12-01,111.41,5.62191884717482,3.04227272727273,22
2022-01-01,113.26,6.93985459352282,3.4395,20
2022-02-01,115.11,8.00337774441735,4.16,20
2022-03-01,116.26,8.53248693054518,4.96454545454545,22
2022-04-01,117.71,9.2334818114328,5.90894736842105,19
2022-05-01,118.7,9.05916942300624,6.9752380952381,21
2022-06-01,119.31,9.68008825151683,7.6655,20
2022-07-01,120.27,10.197910940077,9.16210526315789,19
2022-08-01,121.5,10.8374384236453,10.5109090909091,22
2022-09-01,122.63,11.4412940748819,10.9881818181818,22
2022-10-01,123.51,12.2206069416682,11.481,20
2022-11-01,124.46,12.5316455696203,12.54,20
2022-12-01,126.03,13.122699937169,13.4133333333333,21
2023-01-01,128.27,13.2526929189476,13.8628571428571,21
2023-02-01,130.4,13.2829467465902,14.275,20
2023-03-01,131.77,13.3407878892138,13.2268181818182,22
2023-04-01,132.8,12.8196414918019,12.4555555555556,18
2023-05-01,133.38,12.3673125526538,12.5190476190476,21
2023-06-01,133.78,12.1280697343056,13.0165,20
2023-07-01,134.45,11.7901388542446,13.4873684210526,19
2023-08-01,135.39,11.4320987654321,13.6961904761905,21
2023-09-01,136.11,10.9924162113676,13.0338095238095,21
2023-10-01,136.45,10.4768844627965,13.0333333333333,21
2023-11-01,137.09,10.1478386630243,12.7515,20
2023-12-01,137.72,9.2755693088947,12.6115789473684,19
2024-01-01,138.98,8.34957511499179,11.6104761904762,21
2024-02-01,140.49,7.7377300613497,11.0609523809524,21
2024-03-01,141.48,7.36890035668207,10.8277777777778,18
2024-04-01,142.32,7.16867469879516,10.5577272727273,22
2024-05-01,142.92,7.15249662618083,10.2266666666667,21
2024-06-01,143.38,7.17596053221707,10.1427777777778,18
2024-07-01,143.67,6.85756786909633,10.0659090909091,22
2024-08-01,143.67,6.11566585419898,9.893,20
2024-09-01,144.02,5.81147601204908,9.66714285714286,21
2024-10-01,143.83,5.40857456943937,9.43863636363636,22
2024-11-01,144.22,5.20096287110656,9.26421052631579,19
2024-12-01,144.88,5.19895440023235,9.19666666666667,21
2025-01-01,146.24,5.22377320477767,9.21190476190476,21
2025-02-01,147.9,5.27439675421737,9.2405,20
2025-03-01,148.68,5.08905852417305,9.24,20
2025-04-01,149.66,5.15739179314221,9.1535,20
2025-05-01,150.14,5.05177721802408,8.93666666666667,21
2025-06-01,150.3,4.82633561166133,8.93888888888889,18
2025-07-01,150.71,4.90011832672097,8.91565217391304,23
2025-08-01,150.99,5.09500939653373,8.77842105263158,19
2025-09-01,151.48,5.17983613387027,8.75454545454545,22
2025-10-01,151.76,5.5134533824654,8.66045454545455,22
2025-11-01,151.87,5.3043960615726,8.65166666666667,18
2025-12-01,152.27,5.10077305356158,8.91952380952381,21
2026-01-01,154.07,5.3542122538293,9.0235,20
2026-02-01,155.73,5.2941176470588,9.5235,20
2026-03-01,156.94,5.55555555555556,9.808,20
2026-04-01,158.17,5.68622210343444,10.0835,20
2026-05-01,158.91,5.84121486612497,9.96,19
2026-06-01,159.53,6.14105123087159,9.96684210526316,19
2026-07-01,159.79,6.02481587154136,10.1552380952381,21
